question,option1,option2,option3,option4,answer
" 「人材版伊藤レポート」（「人的資本経営の実現に向けた検討会報告書」（経済産業省、2022
年）および「持続的な企業価値の向上と人的資本に関する研究会報告書」（経済産業省、
2020年））で示された、企業の変革の方向性に関する次の記述のうち、最も適切なものは
どれか。
",人材は「人的資源」として捉え、「いかにその使用・消費を管理するか」という考え方で, 新卒一括採用、終身雇用、年功序列型賃金に代表される日本型の雇用慣行、人材戦略を再,"企業は、いつでも、どこでも働くことができる環境を整えることが、事業継続の観点から
も必要とされている。","イノベーション創出を含めた自社の競争優位性を強化する観点や、働き手の専門性や意識
面の観点から、メンバーシップ型からジョブ型へ早期に完全移行することが求められてい
る。",3
" 「暮らしと意識に関する NHK・JILPT 共同調査（一次集計）結果の概要」（日本放送協
会、独立行政法人労働政策研究･研修機構、2022年）で示された、人々の暮らし向きの様
子・中流に関するイメージ・社会に関する考え方等についての次の記述のうち、最も適切
なものはどれか。
"," イメージする「中流の暮らし」を送るのに必要な年収は、無配偶者の方が有配偶者よりも
多い傾向にある。","イメージする「中流の暮らし」にあてはまる条件として最も多いのは「世帯主が正社員と
して働いている」である。"," 将来の暮らし向きの見通しについて、「今の暮らし向きは良くなる」と答えた人の比率は、
「今の暮らし向きを維持できる」と答えた人の比率や「今より暮らし向きは悪くなる」と
答えた人の比率よりも高い。","「日本では、努力さえすれば誰でも豊かになることができると思うか」という質問につい
て、「強く思う」「どちらかと言うと思う」と答えた人は、「どちらかと言うとそう思わない」
「全く思わない」と答えた人より多い。",2
" 「令和4年版労働経済の分析」（厚生労働省）で述べられた、キャリアコンサルティング
が労働者のキャリア形成意識やキャリア形成に及ぼす影響に関する次の記述のうち、
適切なものはどれか。
","雇用形態別にキャリアコンサルティングを受けた経験がある者の割合をみると、正社員の
ほうが、契約社員・派遣社員よりもキャリアコンサルティングを経験した割合が明らかに
高い。","キャリアコンサルティングを受けた経験がある者の方が、「自分で職業生活設計を考えて
いきたい」、「どちらかといえば、自分で職業生活設計を考えていきたい」と回答する割合
が高くなっている。","現在の仕事内容や職業生活全般への満足度は、キャリアコンサルティングを受けた経験の
有無にかかわらず、ほぼ同じである。","キャリアコンサルティングを受けた経験がある者よりも、経験がない者のほうが自分の職
業能力が他社で通用すると考えている割合が高い。",2
" ホランド（Holland, J. L.）の理論に関する次の記述のうち、適切なものはどれか。","ホランドはアメリカの職業心理学者で、青少年や成人に支援を行った経験に基づいた、ラ
イフ・キャリア・レインボー理論を提唱した。",ホランドは、個人と環境はいずれも6つのタイプに分類されると主張している。,"ホランドの6領域は、現実的領域（Realistic）、研究的領域（Investigative）、芸術的領域
（Artistic）、社会的領域（Social）、企業的領域（Enterprising）、保守的領域（Conservative）
である。"," ホランドの6領域に基づいた代表的なキャリア・アセスメントツールとして、厚生労働省
編一般職業適性検査[進路指導・職業指導用]（GATB）が挙げられる。",2
" 多文化・社会正義論に関する次の記述のうち、最も適切なものはどれか。
","ブルースティン（Blustein, D. L.）は、キャリア支援で最も重要な要因は「社会階層」で
あるとした。","サビカス（Savickas, M. L.）は、キャリア支援で使用されるアセスメントは、暗黙にアメ
リカ白人の主流文化を前提としていると批判し、異文化キャリアアセスメント論を主張し
た。","クランボルツ（Krumboltz, J. D.）が提唱した社会正義に関するキャリアガイダンス論の
枠組みのひとつに「キャリアガイダンスの4つのイデオロギー」がある。"," バンデューラ（Bandura, A.）は、文化やアイデンティティに配慮した4つの領域からな
る「文化を取り入れたキャリアカウンセリングモデル（Culture-Infused Career
Counseling: CICC）」を提唱した。",1
" ジェラット（Gelatt, H. B.）の意思決定理論に関する次の記述のうち、不適切なものはど
れか。","教育現場におけるガイダンスの際の枠組み構築を目的として、意思決定論的アプローチの
立場からキャリア発達における意思決定の仕方を提供するための理論を展開した。","「予測システム」、「価値システム」、「経験システム」、「決定システム」の4段階からなる
連続的意思決定プロセスを提唱した。","探索的意思決定を繰り返し、最終決定へ至ることもあるが、現代のような変化の激しい時
代においては最終決定はあり得ないとも考えた。","客観的で合理的な戦略（左脳）だけでなく、主観的で直感的な戦略（右脳）を統合する「積
極的不確実性（Positive Uncertainty）」の概念を中心とした意思決定の枠組みを提示し
た。",2
" キャリアの理論に関する次の記述のうち、最も適切なものはどれか。
","ブリッジズ（Bridges, W.）は、個人の状況、自己、周囲の援助、戦略、といった事柄が、
個人が転機を乗り越える能力に影響を及ぼしていると考え、カウンセリングのプロセスを
通じてこれらを整理しようとした。"," シュロスバーグ（Schlossberg, N. K.）は、転機とは何らかの出来事が起こったことを指
し、そこには予期していた出来事と予期していなかった出来事の2つに大別できると考え
た。","ジェラット（Gelatt, H. B.）は、変化の激しい環境下での転機に対処するために、「連続的
意思決定理論」を主要概念とする新たな意思決定の枠組みを提示した。","サビカス（Savickas, M. L.）は、安定性から機動性へと働き方が変わりつつある状況を考
察し、変化を常態とするキャリア構築の概念として、キャリア・アダプタビリティを提唱
した。",4
 防衛機制に関する次の記述のうち、最も適切なものはどれか。,何かもっともらしい理屈をつけて自己を正当化しようとすることを、合理化という。,"抑圧された欲求や衝動が、社会的、文化的に承認される価値のある好ましい活動となって
発現することを、補償という。","自分のほうに持っている社会的に望ましくない感情を、相手のほうが持っていることにし
て責任を転嫁することを、同一視という。","ある対象の考え方や感情、行動などを無意識に取り入れ、その対象と同じような傾向を示
すことを、反動形成という。",1
 精神分析療法に関する次の記述のうち、最も不適切なものはどれか。,"自由連想法とは、クライエントになんでも頭に浮かぶことをありのままに話させる方法で、
カウンセラーは話が進むように非指示的に援助をする。","抑圧された欲求をクライエントが意識化する過程で示した抵抗の原因を分析し、抑圧や防
衛機制のあり方を明らかにすることを抵抗分析という。","クライエントが、以前自分にとって重要な人物に抱いた感情を無意識にカウンセラーに向
けることを逆転移という。",抑圧されていた感情体験が解放されることをカタルシス効果という。,3
 カウンセリングの理論や心理療法に関する次の記述のうち、最も適切なものはどれか。,"スキナー（Skinner, B. F.）は、人々が示す問題行動は個人に対する社会のコントロールの
副産物であるとして、行動理論に基づく心理療法を打ち立てた。","森田療法は、森田正馬が身調べという宗教的修行法を現代化した内観法がもととなってい
る。","パールズ（Perls, F. S.）により提唱された交流分析は、ゲーム分析、脚本分析などを含む
心理療法である。","エンプティー・チェア・テクニック、ホットシート、未完の行為などは、ロジャーズ（Rogers,
C. R.）が提唱した来談者中心療法の技法である。",1
" 「第 11 次職業能力開発基本計画」（厚生労働省、令和 3 年 3 月）の「職業能力開発の
方向性と基本的施策」に関する次の記述のうち、不適切なものはどれか。","労働者の主体的な職業能力開発を支援するため、人材開発支援助成金において、関係省庁
とも連携しつつ、IT分野についても講座の充実に努める。","企業内において高度な IT 人材の育成に係る訓練を実施した場合に、人材開発支援助成金
において訓練経費等を助成することにより、高度なIT人材の育成を促進する。","個々の企業・業界のニーズに即した人材育成のため、人材開発支援助成金により訓練経費
等を助成し、企業内又は業界単位での職業訓練の実施を促進する。","在職者が自発的な学び直しのための時間を確保できるよう、新たに教育訓練休暇を導入・
適用する企業に対して人材開発支援助成金により経費等を助成すること等により、教育訓
練休暇や教育訓練短時間勤務制度の普及を促進する。",1
" 職業能力開発促進法に関する次の記述のうち、誤っているものはどれか。
1. 「キャリアコンサルティング」とは、労働者の職業の選択、職業生活設計又は職業能力の
開発及び向上に関する相談に応じ、助言及び指導を行うことをいう。
2. 職業能力開発促進法において「労働者」とは、事業主に雇用される者をいう。
3. 労働者は、職業生活設計を行い、その職業生活設計に即して自発的な職業能力の開発及び
向上に努めるものとする。
4. キャリアコンサルタントは、その業務に関して知り得た秘密を漏らし、又は盗用してはな
らない。
6","「キャリアコンサルティング」とは、労働者の職業の選択、職業生活設計又は職業能力の
開発及び向上に関する相談に応じ、助言及び指導を行うことをいう。", 職業能力開発促進法において「労働者」とは、事業主に雇用される者をいう。,"労働者は、職業生活設計を行い、その職業生活設計に即して自発的な職業能力の開発及び
向上に努めるものとする。","キャリアコンサルタントは、その業務に関して知り得た秘密を漏らし、又は盗用してはな
らない。",2
" 職業能力開発や生涯学習に関する次の記述のうち、適切なものの組み合わせはどれか。
A. 「職業能力」とは、職業能力開発促進法で「職場や地域社会で多様な人々と仕事を
していくために必要な基礎的な力」と定義されている。
B. 「生涯学習」は、人々が生涯に行う職業能力の向上のための学習を指し、レクリエ
ーション活動やボランティア活動は含まれない。
C. 「リカレント（Recurrent）」は、「回帰する」、「循環する」という意味で、リカレ
ント教育は学校教育から離れて社会人になった後も再び教育機関等で学び直し、ま
た社会に出ていくということを生涯続けることができる教育システムを指す。
D. 「リスキリング（Re-skilling）」は、新しい職業に就くために、あるいは、今の職
業で必要とされるスキルの大幅な変化に適応するために、必要なスキルを獲得した
り、させたりすることである。
",A と B, A と C,B と D,C と D,4
"パートタイム・有期雇用労働法上のパートタイム・有期雇用労働者と通常の労働者の待
遇差（いわゆる同一労働同一賃金）に関する次の記述のうち、最も適切なものはどれか。",法律上の規制範囲は、基本給と賞与の決定に限定される。,"労働（職務の内容、人材活用の仕組み）が同一でない場合、労働の違いに比べて労働条件
の格差が大きく、不合理と評価されても、違法とはならない。"," 職務の内容や責任の程度が同一であれば賃金を同一とする、職務給制度の導入が義務付け
られている。","法律上の規制は、無期雇用労働者同士や有期雇用労働者同士には適用されないが、雇用形
態を問わず労働者間に大きな格差があると認められた場合、民法では違法と判断される可
能性がある。",4
 職業能力開発の方法に関する次の記述のうち、不適切なものはどれか。,人材育成の中心はあくまでもOff-JTであり、OJT はそれを補完するものである。,"Off-JTを行う際には、訓練に直接必要となる「直接費用」のほかに、訓練に参加する労働
者が訓練期間中に仕事から外れることなどから生じる「機会費用」を考慮しておく必要が
ある。","OJTを行う際には、訓練期間中に、教える側が仕事に専念できなくなること、教えられる
側が訓練のため慣れない仕事に従事して生産性が低下することから生じる「機会費用」を
考慮しておく必要がある。","人的資本理論では、企業内訓練で現在働いている企業でしか使えない企業特殊能力を高め
た従業員は、給与面では転職しないほうが有利であると考えられている。",1
"職業能力開発促進法における事業内職業能力開発計画及び職業能力開発推進者に関する
次の記述のうち、正しいものはどれか。","キャリアコンサルタントを職業能力開発推進者として選任することを、事業主が必ず行わ
なければならない義務として定めている。","職業能力開発推進者の役割の一つに、事業内における職業能力開発計画の作成と実施を定
めている。",事業内職業能力開発計画の作成は、事業主が必ず行わなければならない義務とされている。,"事業内職業能力開発計画を作成することは、教育訓練給付金の申請に当たっての必須要件
である。",2
" 「令和4年度年次経済財政報告」（内閣府）で述べられた、労働力の確保・質の向上に向
けた課題に関する次の記述のうち、適切なものはどれか。","毎月の雇用調整助成金の支給対象延べ人数を試算すると、2020 年 4 月以降増加の一途を
辿っており、2022年度に入っても伸び続けている。"," 新型コロナウイルス感染症下において、企業は産業雇用安定助成金を活用した在籍型出向
により雇用維持を図ったが、本助成金を用いた出向労働者が一番多い出向元業種は、卸売
業・小売業である。","2017 年以降、わが国の副業・兼業の実施状況を男女別・年齢別に確認すると、男女とも
に若年層ほど実施率が低い。","常用労働者の労働移動について、2000年以降の転職入職率をみると、男女ともに29歳以
下の若年層が最も高い。",4
" 「令和4年版労働経済の分析」（厚生労働省）で述べられた、労働市場における「ミスマ
ッチ」の状況に関する次の記述のうち、不適切なものはどれか。","産業や職業ごと、または地域間で分割されている複数の労働市場間で労働者が適切に分配
されないことから生じる労働市場のミスマッチは、景気刺激策で労働需要を増大させるこ
とで緩和することができるとされる。","個別の企業と労働者の属性間に相性の不一致が生じていることから生じる労働市場のミ
スマッチは、転職などの際の情報の非対称性の緩和（企業情報の開示など）を通じて、外
部労働市場を活用しやすくすることで緩和することができるとされる。","ある国の労働市場全体で労働需要と労働供給とが数の上で一致していたとしても、欠員と
失業が同時に発生することはあり得る。","職種別の労働力需給の動向からは、新型コロナウイルス感染症の感染拡大以前から、事務
職では求職者超過、介護・福祉職では求人超過が続いているなど、構造的な労働力需給の
ミスマッチが起きている兆候がみられる。",1
"総務省統計局の労働力調査で用いられる用語に関する次の記述のうち、正しいものはど
れか。",. 「完全失業者」とは、調査週において仕事がなく、すぐに就業が可能な者をいう。,「労働力人口比率」とは、15歳以上人口に占める労働力人口の割合をいう。,「完全失業率」とは、就業者に占める完全失業者の割合をいう。,「非労働力人口」とは、15歳以上の人口のうち就業者以外の者をいう。,2
" 「令和5年就労条件総合調査 結果の概況」（厚生労働省）に関する次の記述のうち、
不適切なものはどれか。","週所定労働時間を産業別にみると、「金融業、保険業」が 最も短く、「宿泊業、飲食サー
ビス業」および「生活関連サービス業、娯楽業」が 最も長くなっている。","令和 4 年 1 年間の労働者 1 人当たり平均年次有給休暇取得率は 60％を超え、昭和 59 年
以降過去最高となっている。","令和5年調査における変形労働時間制（1年単位・1か月単位・フレックスタイム）を採
用している企業割合は、企業規模にかかわらず50％に満たない。","勤務間インターバル制度の導入状況別の企業割合は、1000人未満規模の企業では10％に
満たない。",3
 法令上の労働時間に関する次の記述のうち、正しいものはどれか。,時間外休日労働に関する、いわゆる「36協定」において、時間外労働の限度時間は1年単位の変形労働時間制の例外を除き1ヶ月45時間、1年360時間とされているが、臨時的にはこれを上回る時間を定めることができる。,労働基準法には罰則規定がないので、労働時間に関する規定に反した者に対して刑事罰を課すことができない。,労働基準法の労働時間、休日等の規定の適用除外とされている管理監督者については、企業はその労働時間の状況を把握する義務を負わない。,いわゆる「高度プロフェッショナル制度」の適用対象者が午後10時から午前5時までに労働した場合、深夜労働割増賃金を支払う必要がある,1
 女性活躍推進法に関する次の記述のうち、正しいものはどれか。,"女性活躍推進法は、性別に関わりなく、男女双方の職業生活における活躍を迅速かつ重点
的に推進することを目的とする法律である。","女性活躍推進法は、常時雇用する労働者が101人以上の事業主に対して、一般事業主行動
計画の策定・届出を義務づけている。","一般事業主行動計画を届け出た事業主は、厚生労働大臣の認定を受けることなく、「える
ぼし」マークを商品、広告、名刺、求人票などで自由に使用することができる。","女性活躍推進法に基づき、一般事業主行動計画を策定した企業は、労働者への周知を行う
べく社内掲示等の社内への公表が義務づけられるが、社外への情報公表は求められていな
い。",2
 男女雇用機会均等法に関する次の記述のうち、正しいものはどれか。,"求人の内容の説明等募集又は採用に係る情報の提供について、男女で異なる取扱いをする
ことは、性別を理由とする差別には該当しない。","コース別人事管理制度を実施している場合、その運用において男女で異なる扱いをしても
性別を理由とする差別には該当しない。","労働者の募集又は採用に当たって、合理的理由なく労働者の身長、体重等を要件とするこ
とは、性別を理由とする差別に該当しない。","妊娠中の女性労働者及び出産後 1 年を経過しない女性労働者に対する解雇は原則無効と
した上で、解雇の有効性に係る立証責任を事業主自身に課している。",4
 労働契約の終了に関する次の記述のうち、正しいものはどれか。,定年制を設ける場合、その年齢は65歳を下回ってはならない。,退職の際、労働者は退職理由を使用者に告げる必要はない。,"期間の定めがある労働契約を更新しないことを意味する雇止めは、解雇とは異なるから、
使用者はこれを自由に行うことができる。",試用期間中の労働者を解雇する場合には、解雇予告は一切不要である。,2
"「生徒指導提要（改訂版）」（文部科学省、令和 4 年）におけるキャリア教育と生徒指導
との関連性に関する次の記述のうち、不適切なものはどれか。","生徒指導と同様に、児童生徒の社会的自己実現を支える教育活動としてキャリア教育があ
る。","生徒指導を進める上で、キャリア教育との相互作用を理解して、一体となった取り組みを
行うことが大切である。","いじめや暴力行為などの生徒指導上の課題への対応においては、自己の生き方を見つめる
こと、将来の夢や進路目標を明確にすることなどが重要で、生徒指導とキャリア教育は、
深い関係にあると言える。","いじめや暴力行為、非行は生徒指導、不登校は教育相談、進路についてはキャリア教育な
ど、それぞれの専門性を活かした分業的な体制が求められている。",4
" 「高等学校キャリア教育の手引き」（文部科学省、平成 23 年）におけるキャリア教育と
職業教育に関する次の記述のうち、適切なものの組み合わせはどれか。
A. 職業教育は「一人一人の社会的・職業的自立に向け、必要な基盤となる能力や態度
（資質・能力）を育てることを通して、キャリア発達を促す教育」と定義されてい
る。
B. 職業教育は、具体の職業に関する教育を通して行われ、社会的・職業的自立に向け
て必要な基盤となる能力や態度を育成する上でも、極めて有効である。
C. キャリア教育は「一定又は特定の職業に従事するために必要な知識、技能、能力や
態度（資質・能力）を育てる教育」と定義されている。
D. キャリア教育は普通教育、専門教育を問わず様々な教育活動の中で実施される。
",A と C,A と D,B と C, B と D,4
"「インターンシップを始めとする学生のキャリア形成支援に係る取組の推進に当たって
の基本的考え方」（文部科学省・厚生労働省・経済産業省、令和4年6月13日一部改正）
で示された、大学等におけるインターンシップの推進に関する次の記述のうち、最も適切
なものはどれか。","インターンシップを実施するにあたり、大学等が学生と企業のマッチングの機会を提供す
る等のサポート体制を構築することは、プログラムの効果を高めるという点で有益である。","インターンシップを大学等の単位に組み込むことは学生の学業専念の観点から望ましく
ない。","企業、就職情報会社や大学キャリアセンターが主催するイベント・説明会が、インターン
シップとして正式に位置付けられることとなった。","令和5年度以降は、企業はインターンシップで取得した学生情報を採用選考活動に一切使
用できない。",1
" 「健康づくりのための睡眠指針 2014」（厚生労働省）で述べられた、メンタルヘルスと
密接な関わりのある睡眠に関する次の記述のうち、適切なものはどれか。"," 日中に適度な運動を行うことは、昼間の覚醒の度合いを維持・向上し、睡眠と覚醒のリズ
ムにメリハリをつけることに役立つと言われている。","成人の身体が必要とする睡眠時間の目安は 4 時間以上 6 時間未満であり、このくらいの
睡眠時間の人が最も健康だと言われている。","睡眠不足による疲労の蓄積を防ぐには、休日に「寝だめ」によって解消することが薦めら
れている。","睡眠時間を確保するためには、睡眠時刻の慣習を重視し、眠たくなくても寝床に就くこと
が重要である。
",1
 ウェルビーイング（Well-being）に関する次の記述のうち、不適切なものはどれか。,"ウェルビーイングへの着目が拡大しているのは、社会情勢が VUCA といわれる先の見え
ない時代において、どうすれば人は幸せになれるのかに注目が集まっていることが要因の
一つと考えられる。","労働者一人ひとりが、自ら望む生き方に沿った豊かで健康的な職業人生を安心して送れる
社会を築いていくためには、就業面からのウェルビーイングの向上を図ることが重要であ
る。","就業面からのウェルビーイングの向上には、例えば年次有給休暇の円滑な取得や、勤務間
インターバル制度の活用などにより、労働者の健康を確保することも大切である。","就業面からのウェルビーイングの向上と、企業が経営の効率化や競争力の確保を図ること
を目的にした生産性の向上とは背反する考え方である。",4
" スーパー（Super, D. E.）が提唱するキャリア発達に関する次の記述のうち、不適切なも
のはどれか。","キャリアは、単なる職業だけでなく、個人が経験する多様な役割とそれらへの取り組み方
によって構成される。",キャリアは、心理社会的成熟や環境適応についての課題を達成するに伴い発達していく。,"キャリアの発達段階の間には移行期があり、移行期には新たな段階へ進むための意思決定
の過程が含まれる。","キャリア発達をとおして形成されるキャリア自己概念は、「個人が主観的に形成してきた
自己についての概念」（主観的自己）を中心とする。",4
" 次の記述のうち、マーシャ（Marcia, J. E.）が示したアイデンティティ・ステイタスの
「モラトリアム」に関する内容として、適切なものはどれか。","今まで本当に何者かであった経験がないので、何者かである自分を想像することができな
い。","自分の目標と親の目標の間に不協和がなく、どんな経験も、幼児期以来の信念を補強する
だけで、硬さ（融通のきかなさ）が特徴である。","いくつかの選択肢について迷っているところで、その不確かさを克服しようと一生懸命努
力している。","幼児期からのあり方について確信がなくなり、いくつかの可能性について本気で考えた末、
自分自身の解決に達して、それに基づいて行動している。",3
" 近年のわが国の働く女性の実情等に関する次の記述のうち、不適切なものはどれか。
"," 「令和3年版働く女性の実情」（厚生労働省、令和4年3月）によれば、女性の年齢階級
別労働力率における M 字型カーブは解消に向かう傾向にあり、令和 3 年においては台形
に近づきつつある。","「令和3年版働く女性の実情」によれば、令和3年の「非正規の職員・従業員」の割合は、
男性雇用者総数（役員を除く）においては約2割、女性雇用者総数（役員を除く）におい
ては約5割であった。","「令和3年版働く女性の実情」によれば、令和3年において、一般労働者の正社員・正職
員の男女間の賃金格差は、男性を100とした場合、女性は80に満たない。","「令和3年度雇用均等基本調査（結果概要）」（厚生労働省、令和4年7月）によれば、課
長相当職以上の管理職に占める女性の割合は上昇し続けており、令和3年には3割を超え
た。",4
" 生活困窮者及び生活困窮者自立支援制度に関する次の記述のうち、不適切なものはどれ
か。","生活困窮者とは、就労の状況、心身の状況、地域社会との関係性その他の事情により、現
に経済的に困窮し、最低限度の生活を維持することができなくなるおそれのある者をいう。","生活困窮者には、社会とのつながりが薄れて自らサービスにアクセスできない者も少なく
ないことから、 支援を個人に届けるアウトリーチの観点が重要である。","生活困窮者に対して有期で家賃相当額を支給する住居確保給付金制度は、新型コロナウイ
ルス感染症拡大の影響で新設された。","直ちに一般就労することが難しい者のための制度として、作業機会を提供しながら、個別
の就労支援プログラムに基づき、一般就労に向けた支援を中・長期的に実施する、就労訓
練事業（いわゆる「中間的就労」）がある。",3
" 「発達障害のある人の雇用管理マニュアル」（厚生労働省、2006年3月）で述べられた、
発達障害のある人の雇用管理において配慮すべきポイントに関する次の記述のうち、
最も不適切なものはどれか。"," 障害のある人を決して特別に扱ったりせずに、一人の重要な労働者として他の従業員と同
等に、認め、指導し、職場内全員で受け止める。","障害のある人の指導上の配慮事項等の情報を周囲と共有する際の判断にあたっては、本人
の意思や気持ちを確認し、それを十分尊重する。","本人の障害による困難から職務の手順や方法を見直してみるよりも、職務についての規定
の手順や方法に本人が適応するよう求めることが大切である。",職場内でメンターとなる社員を選任するなど必要な体制を整える。,3
 グループ・ファシリテーションに関する次の記述のうち、最も不適切なものはどれか。,"グループ・ファシリテーションを機能させる上での概念の「コンテント」は、仕事、話題
などの内容的側面である。","グループ・ファシリテーションを機能させる上での概念の「プロセス」は、グループのメ
ンバー間の相互に起きている関係的過程を示すものである。","「プロセス」は「コンテント」の質に影響を与えるので、グループ・ファシリテーターは、
プロセスに目を向け、プロセスに気づき、プロセスに働きかけていく役割を担う。","グループ・ファシリテーターは、学習の援助促進のためには、ファシリテーター自身の考
えを明確に主張し、時としてグループの思いとは逆の方向へ意図的に引っ張っていくこと
も必要である。",4
"ジョブ・カード作成の条件やメリットに関する次の記述のうち、最も不適切なものはど
れか。",自分の能力や職業意識を整理することができ、職業人生設計を容易にする。,"目標、職業能力開発の必要性が明確になり、職業能力開発の効果を高めることが期待でき
る。","ジョブ・カードを作成する際は、必ず同時にキャリアコンサルティングを受ける必要があ
る。", 資格以外にも自分の PR ポイントが明確になり、求職時の職業能力の証明を容易にする。,3
" キャリアコンサルタントがよりよいキャリアコンサルティングを行うための留意点に関
する次の記述のうち、最も不適切なものはどれか。",相談の目的は、クライエントのよりよい適応と成長、個人の発達を援助することである。,"職業・職務の選択、今後のキャリア形成の方向の決定、手段の決定など、具体的な目標決
定を重視する。","自己理解、仕事理解、啓発的経験、意思決定、方策の実行、職務への適応といった各ステ
ップを明確にし、現在どの段階にあるのかを確認しながら相談を進める。"," 企業内での相談の場合、その内容は企業側の求めに応じておおむね企業に伝えられる場合
があるということを前提に相談を進める。",4
 次の記述のうち、コンサルテーションの説明として、最も適切なものはどれか。," 企業内での相談の場合、その内容は企業側の求めに応じておおむね企業に伝えられる場合
があるということを前提に相談を進める。","支援のために自分の専門外の知識が必要な時に、キャリアコンサルタント自身がその専門
家に相談することをいう。","クライエントが必要とする領域に合った、より適切な支援が可能な別のキャリアコンサル
タントへの相談を勧めることをいう。",自分が担当するケースについて、より熟達した指導者から助言、指導を受けることをいう。,2
"キャリアコンサルティングにおける相談場面の設定に関する次の記述のうち、最も適切
なものはどれか。","面談の初期に行う目標設定では、具体的で直接的・短期的な目標よりも、曖昧で長期的な
目標を立てることが望ましい。","キャリアコンサルタントは、相談者が発する言語的な情報に注意すればよく、態度や視線
といった非言語的な情報に注意をする必要はない。","カウンセリングにおける基本的なかかわり方として、視線の位置、言語追跡、身体言語、
声の質等が挙げられる。","カウンセリングにおける基本的なかかわり方として、視線の位置、言語追跡、身体言語、
声の質等が挙げられる。",3
" 厚生労働省編一般職業適性検査[進路指導・職業指導用]（GATB）の結果の活用に関する
次の記述のうち、最も適切なものはどれか。","検査結果が、ある職業の基準を満たしている場合は、その職業に対する職業的成功を確約
していると言える。","本検査は網羅的な検査であるため、望ましい職業的進路については、個人の体力、性格、
価値観、欲求などを測定する他の検査結果を考慮する必要はない。","特定の技術・技能の習得を目的とする大学等の教育機関を修了する者が、その専攻に関連
する職業に就業しようとする場合には、必ずしも本検査を利用する必要はない。","本検査は、事業所等における採用選考や人事配置など、雇用管理の目的のためにも有効に
活用できる。",3
 仕事理解の支援に関する次の記述のうち、適切なものはどれか。,"厚生労働省編職業分類に関して、従来は大分類、中分類、小分類、細分類の4つの区分で
あったが、2022年の改定で細分類は廃止となり、3つの区分となっている。",日本標準職業分類は総務省が作成したものであり、厚生労働省編職業分類に準拠している。," 厚生労働省の職業情報提供サイト（日本版 O-NET、愛称 job tag）では、事業所検索や、
就職診断ができる。","厚生労働省の職業情報提供サイト（日本版O-NET、愛称job tag）では、約500の職業解
説があるが、紹介動画までは見ることができない。",1
 啓発的経験に関する次の記述のうち、最も適切なものはどれか。,"啓発的経験はキャリアコンサルティングの6分野の一つであり、具体的な選択や意思決定
の前に、体験してみることを支援するものである。","ボランティア活動や無給のインターンシップは啓発的経験に含まれるが、アルバイトや有
給のインターンシップは啓発的経験に含まれない。","啓発的経験は短期間の体験であるため、職務に求められる能力やキャリア・ルートを理解
する手がかりとはならない。","職業訓練は啓発的経験に含まれるが、訓練を伴わない単なる職場見学は啓発的経験に含ま
れない。",1
"キャリアコンサルティングにおける目標設定のステップに関する次の記述のうち、最も
適切なものはどれか。",クライエントが目標に納得していない場合、その理由を探るために時間を取る必要がある。,"キャリアコンサルタントは、クライエントの立てた目標が扱いきれない場合でも、必要な
技術を学んでクライエントに関わっていくべきである。","クライエントが早期に自律できるよう、キャリアコンサルタントが「一緒にがんばりまし
ょう」などと言うことは避ける。","目標に向けた努力はクライエントが行うものであり、キャリアコンサルタントは見守るこ
とに徹するべきである。",1
" システマティック・アプローチのプロセスにおける「方策の実行」の支援に関する次の
記述のうち、最も適切なものはどれか。","クライエントが実行する方策を決められた時間内に意思決定できないときは、キャリアコ
ンサルタントが自身の経験を踏まえて決定し、クライエントにその方策の採用を求める必
要がある。","キャリアコンサルタントは、採用した方策のメリット/デメリット等を説明し、クライエン
トのニーズに合うように、実行計画を変更する必要がある。","決定した実行計画の行動主体はクライエントであることから、約束した行動はクライエン
トが自分の責任で実行しなければならず、実行過程でのキャリアコンサルタントの役割は
ないことを伝える。","クライエントと契約した方策全体について、実行したかどうかをキャリアコンサルタント
が１つずつ確認するような行為は、クライエントのキャリア自律を妨げることにつながる
ので避ける。",2
"キャリアコンサルタントによる、クライエントの組織への適応支援に関する次の記述の
うち、最も不適切なものはどれか。","リアリティ・ショックを乗り越えるために、キャリアコンサルタントは本人の希望を受容・
共感しつつ、職場のルールや規範を教え、社会人として第一歩を踏み出すことを促進する。","DXの進展など変動の激しい現代では、キャリア・アダプタビリティが不可欠であり、同
時に変化に振り回されないようなその人なりのライフテーマを持つことの支援も重要であ
る。","DXの進展など変動の激しい現代では、キャリア・アダプタビリティが不可欠であり、同
時に変化に振り回されないようなその人なりのライフテーマを持つことの支援も重要であ
る。職場に馴染めずに早急に転職したいと希望するクライエントに対し、キャリアコンサルタントは、そのように思うならば立ち止まらず、すぐに転職先を探すよう背中を押す対応が重要である。","それまでひとつの物事に没頭していたクライエントが、心身の極度の疲労により燃え尽き
たように意欲を失い、社会に適応できなくなることもあることを念頭においた支援が重要
である。",3
相談過程の評価に関する次の記述のうち、最も不適切なものはどれか,"評価では、相談者が目標に照らしてどのレベルまで達成したかを相談者の視点による自己
評価で決定することが望ましい。","どの程度面談目標を達成したか、対処方針・結果・使用したスキルは適切だったかなど、
評価はキャリアコンサルタントの成長のためにも行われる。","キャリアコンサルタントは、相談者の変化を客観的に評価し、守秘義務に配慮した上で、
本人が所属する学校や企業などの関係者に説明できる力が求められる。","評価では、相談者が面談を通じて達成したり学習したことを、他の場面にいかに適用する
かについても話し合う。",1
"「働く環境の変化に対応できるキャリアコンサルタントに関する報告書」（厚生労働省、
令和 3 年 6 月）で示された、キャリアコンサルティングの普及活動に関する次の記述の
うち、最も不適切なものはどれか。","企業におけるキャリア開発は、点と点の細切れの取組みとなるケースも見受けられること
から、キャリアコンサルタントには、連続的・長期的なキャリア形成支援を念頭に、それ
ぞれの取組みを一本に繋ぐような支援がなされることに期待が寄せられる。","企業におけるキャリア開発は、点と点の細切れの取組みとなるケースも見受けられること
から、キャリアコンサルタントには、連続的・長期的なキャリア形成支援を念頭に、それ
ぞれの取組みを一本に繋ぐような支援がなされることに期待が寄せられる。労働者のキャリア目標の明確化やキャリア形成支援を組織全体で実践するためには、キャリアコンサルタントと人事部門あるいは上司・部下関係等の組織内における、キャリア形成に向けた円滑なコミュニケーションの向上を図ることが有効な手段である。","ジョブ・カードは、就業経験の少ない人向けに開発されており、労働市場へ参加するため
のスキル獲得に関わる支援での活用を想定している。","若年者層は高年齢層と比較してキャリアコンサルティング経験が多いという結果を示す
データがあり、個人へキャリアコンサルティングの認知を高めるには、特に中高年齢層を
意識した支援を実践していく必要がある。",3
"企業領域で活動するキャリアコンサルタントのネットワークの認識と実践に関する次の
記述のうち、最も不適切なものはどれか。"," これまでも転職する社員と可能な限り退職時面談をしてきたが、最近はアルムナイ（定年
退職者以外の退職者）の意味づけが変わってきたので、社外ネットワークとして大事に維
持しようと考えている。","健康とキャリアの2つの問題を同時に抱える社員が一定数いるので、産業医や健康管理ス
タッフと関係作りをして、個別の案件にきめ細かく対応しようとしている。","人事部がエンゲージメントサーベイを定期的に行ってデータを利活用しているので、特に
相談者の同意は得ていないが、キャリア面談で得られた詳細な情報もデータベースに統合
して活用できるようにしている。","教育部門と IT 部門が協働して社員が自発的に PC で学習できるラーニング・マネジメン
ト・システムを構築しているので、キャリアコンサルタントも参画して社員にリスキリン
グを推奨する役割を担っている。
",3
" キャリアコンサルタント倫理綱領（2016年）に関する次の記述のうち、最も適切なもの
はどれか。","キャリアコンサルタントの活動を規定する原理・基準を示したものとして、厚生労働省が
公表している。",キャリアコンサルタントが自らを律する基本的姿勢・態度や、行動規範等が示されている。," キャリアコンサルタントは、相談者の利益と同等に事例や研究の公表が重要であることを
自覚し、キャリアコンサルティングの発展に貢献するよう努めることが示されている。","キャリアコンサルタントは、相談者が非合理な判断をしようとしている場合、キャリア形
成上の問題・課題の解決という使命を持って説得に努めなければならないことが示されて
いる。",2
"キャリアコンサルタントとクライエントとの関係に基づいた行動に関する次の記述のう
ち、職業倫理に照らし問題ない行動として最も適切なものはどれか。","クライエントから、相談室以外の場所で話を聴いてほしいとの要望があったので、レスト
ランで食事をしながら面談することにした。","クライエントから残業で面談に行けるのが 21 時ごろになってしまうと連絡があったが、
その時刻では相談室に誰もいないので、面談日の変更を申し出た。","クライエントが税理事務所に勤める職員であったので、本日の面談の料金を無料にする代
わりに確定申告の資料作成を依頼した。","クライエントが緊張しているようで話が進まないので、キャリアコンサルタント自身の趣
味に関する話題提供を中心として面談を終えた.",2
" 「令和5年版労働経済の分析」（厚生労働省）で示された、転職に関する次の記述のうち、
最も適切なものはどれか。","直近の5年間（2018年～2022年）では、転職等希望者に対して実際に転職した人の比
率は年々高まっており、より転職を実現しやすくなっている。","20～40歳台の正社員・正職員で、情報収集以上の転職活動をしたが転職しなかった人が
挙げる理由の中で最も多いのは「自分に合う職種が分からない」である。"," 45～74 歳の中高年層で、転職を希望しつつも転職しなかった人が挙げる理由の中で最
も多いのは「新しい環境に不安だったから」である。"," 転職前後の賃金を比較すると、年齢層にかかわらず、賃金が増加している人の方が、減少
している人よりも多い。",3
" 2022年4月に改正された、職業能力開発促進法に関する次の記述のうち、最も不適切な
ものはどれか。","事業主は、キャリアコンサルティングの機会を確保する場合には、キャリアコンサルタン
トを有効に活用するように配慮するものとする。","労働者がキャリアコンサルティングの実施を要望した場合は、その求めに応じる必要が
ある。","職業能力の開発及び向上の促進に向けては、40 歳、50 歳といった節目の年齢でキャリ
アプランを記入させたものを、人事台帳として整えることを義務づけている。","労働者が実務の経験を通じて自ら職業能力の開発及び向上を図ることができるようにす
るために、事業主は、労働者の配置その他の雇用管理について配慮するものとする。",3
" 「職場における学び・学び直し促進ガイドライン」（厚生労働省、令和4年6月）で示さ
れたキャリアコンサルティング・キャリアコンサルタントの役割に関する次の記述のう
ち、最も適切なものはどれか。","学び・学び直しには、労働者の自主性・主体性が重要である観点から、キャリアコンサル
タントは学び・学び直しの方向性・目標の決定に際してのみ支援するのが望ましい。","学び・学び直しにおいて、キャリアコンサルタントは管理職等の現場リーダーのサポート
役や、現場リーダーと労働者の仲介役としても期待されている。","職業キャリアが長い労働者であればあるほど、自らの強みや能力は理解しているので、キ
ャリアの棚卸しが学ぶ意欲の向上につながる効果は薄い。"," 副業・兼業も新たな学びの機会ではあるが、労働者個人の経験・収入の獲得が主たる目的
のため、学び・学び直しの推進とは一線を画すものであり、企業内でのキャリアコンサル
ティングの対象とはならない。",2
" パーソンズ（Parsons, F.）に代表される、特性-因子論に関する次の記述のうち、
最も不適切なものはどれか。",個人の能力・特性と職業要件が一致するほど、仕事の満足度は高くなる。,"個人には、最も自分らしく働ける仕事のスタイルがあり、それを船を港に係留する錨に例
えた。",個人は他の人と異なる能力を持っており、それを測定することができる。,個人は、自分の能力・特性に最もふさわしい職業を選択する。,2
" 次の記述のうち、クランボルツ（Krumboltz, J. D.）が挙げたキャリア選択過程に影響を
与える要因として、最も不適切なものはどれか。",積極的不確実性の予測,社会経済などの情勢や家族状況およびその変化,性差・身体的特性・知能や特別な才能,目標に向かって行動していく課題解決行動のスキル,1
" ハックマンとオルダム（Hackman, J. R. & Oldham, G. R.）が提唱した職務特性理論
に関する次の文章のうち、（ ）に入る語句として、適切なものはどれか。",家庭との両立,コンピテンシー, 社会貢献,自律性,4
" スーパー（Super, D. E.）の提唱するキャリアの理論に関する次の記述のうち、不適切な
ものはどれか。","個人がある職業に就きたいと語るとき、その語りには本人の自己概念が含まれていると解
釈できる。","個人のキャリア・パターンは、親の社会経済的レベルや本人の知的能力と関わりなく、教
育レベルなどの与えられた機会によって決定される","職業適合性（vocational fitness）に関して、個人と職業との関係をダイナミックに説
明しようとした。","キャリア発達を表すライフ・キャリア・レインボーは、時間の次元と役割の次元から構成
される。",2
" ジェラット（Gelatt, H. B.）の意思決定理論に関する次の記述のうち、最も適切なもの
はどれか。","予期システム、価値システム、調整システム、決定システムという4段階でキャリアの意
思決定が行われる。",予期システムとは、選択可能な行動とその結果の予想を行うことを指す。,"価値システムとは、可能な選択肢を目的や目標に照らし合わせて評価し、決定基準にあっ
ているか評価することを指す。","決定システムとは、予測される結果がどれくらい自己にとって望ましいか決定すること
を指す。",2
中高年のライフステージとキャリアに関する次の記述のうち、最も適切なものはどれか。,"エリクソン（Erikson, E. H.）が個体発達分化の図式に示した、老年期にあたる世代の主
な発達課題は、「世代性」対「成熟性」である。","レビンソン（Levinson, D. J.）は、中年期から老年期への移行期を「人生半ばの過渡期」
と呼び、「自らの限界を受容すること」、「獲得した地位や利益を保持すること」などが主要
な課題であるとした。","岡本は「岐路としての中年期」に焦点を当て、アイデンティティ危機における心理的変化
の特徴から、中年期の「アイデンティティ再体制化のプロセス」を明らかにした。","スーパー（Super, D. E.）は、高齢期におけるキャリア発達の中心的なプロセスは成熟
であるとして、「キャリア成熟」の概念を見出し、発達課題に対処しうるためのレディネス
と定義した。",3
" ブリッジズ（Bridges, W.）が提唱したトランジション（転機）のプロセスに関する次の
記述のうち、最も不適切なものはどれか。","すべてのトランジションは何かの「終わり」から始まるため、外的にも内的にも、新しい
ものを手に入れる前に、古いものから離れなければならない。"," トランジションにおける「終わり」は象徴的な死であり、それまで慣れ親しんだ社会的な
文脈からの離脱やアイデンティティの喪失などを経験する。","トランジションの「終わり」と「始まり」の間には、中間の空白または休養期間があり、
自由で充実した時を経験する。","トランジションの「始まり」では、それまでの空白期間に得られた洞察や考えを形にした
り行動に移したりする。",3
"カウンセリングの理論や心理療法の名称、その提唱者に関する次の記述のうち、組み合
わせとして適切なものはどれか。","アイビイ（Ivey, A. E.）、ゲシュタルト療法","カーカフ（Carkhuff, R. R.）、マイクロカウンセリング","パールズ（Perls, F. S.）、ヘルピング技法"," ベック（Beck, A. T.）、認知療法",4
" 次の記述のうち、フロイト（Freud, S.）の理論の内容として、適切なものはどれか。","「口唇期」、「肛門期」、「エディプス期」、「潜伏期」、「性器期」からなる発達段階に応じて、
リビドーが重点的に供給される身体部位が変化すると考える発達論を提唱した。","生後約1年間の心の世界を基盤として、人生の構えが形成されるとし、「妄想分裂ポジシ
ョン」と「抑うつポジション」を提唱した。"," 環境と子どもの空想世界の相互作用を重視し、「原初的没頭」、「ほど良い母親」、「脱錯覚
（幻滅）」などの概念を提唱した。","母子の相互作用に基づいた「コンテイナー／コンテインド」モデルを提唱し、治療モデル
に組み込んでいる。",1
" 「職場における学び・学び直し促進ガイドライン」（厚生労働省、令和4年6月）で示さ
れた、職場における学び・学び直しに関する次の記述のうち、最も適切なものはどれか。","企業・労働者を取り巻く環境変化が急速かつ広範に進む時代にあっては、労働者の自律的・
主体的な学びの促進が重要であり、これまでの企業主導型の職業訓練の必要性は低くなる。","実際の業務に即した実践的な学びを支援する企業の人的投資の国際比較（2010-2014年
対GDP比）を見ると、日本は先進国の中間水準にある。","企業における働き方の自由度の高まり（働き方の個別化）が進む中にあっては、労働者の
学び・学び直しの伴走的支援はキャリアコンサルタントが中心となり、管理職等の現場リ
ーダーの役割の重要性は低くなる。","労働者が自律的・主体的・継続的な学び・学び直しを行うための労使協働の取り組みは、
労働者のエンゲージメントの向上にもつながることが期待できる。",4
"「令和 4 年度能力開発基本調査 調査結果の概要（個人調査）」（厚生労働省）で示され
た、労働者の職業生活設計に関する次の記述のうち、適切なものはどれか。",令和3年度中にキャリアコンサルティングを受けた正社員は、30％を上回っている。,"キャリアに関する相談をする主な組織・機関について、「企業内の人事部以外の組織また
はキャリアに関する専門家（キャリアコンサルタント）」と回答した正社員は、30％を下
回っている。","キャリアに関する相談が役立ったことの内訳として、正社員では「仕事に対する意識が高
まった」よりも、「適切な職業能力開発の方法がわかった」を挙げる者の割合が高かった。","キャリアコンサルタントに相談したい内容として、正社員では「将来のキャリアプラン」
よりも、「適切な職業能力開発の方法（資格取得、効果的な自己啓発の方法等）」を挙げる
者の割合が高かった。",2
 教育訓練給付制度に関する次の記述のうち、適切なものはどれか。,"教育訓練給付制度とは、労働者の主体的なスキルアップを支援するため、文部科学大臣の
認定を受けた講座を受講・修了した人に対し、その費用の一部を支給する制度である。","労働者が「正規社員」か「非正規社員」かによって、専門実践教育訓練と一般教育訓練の
2種類が設定されている。",教育訓練給付金の支給対象者は、受講開始日において雇用保険の被保険者で、支給要件期間を満たした在職者のみである。,"ハローワークで支給要件照会を行うと、受講開始（予定）日現在における受給資格の有無
をあらかじめ確認することができる。",4
 人材開発支援助成金に関する次の記述のうち、適切なものはどれか。,人材開発支援助成金の一部のコースでは、事業内職業能力開発計画の作成や職業能力開発,"人材開発支援助成金の一つである人材育成訓練は、正規雇用労働者および非正規雇用労
働者を対象としており、訓練経費助成率は正規・非正規で同率となっている。","人材開発支援助成金は、企業における Off-JT について助成されるが、OJT については
一切助成されない。","人材開発支援助成金は、職業訓練等を実施する事業主に対して訓練経費は助成されるが、
訓練期間中の賃金については助成されない。",1
 副業・兼業に関する次の記述のうち、最も適切なものはどれか。,"労働者が労働時間以外の時間をどのように利用するかは労働者の自由であることから、使
用者は、いかなる場合であっても労働者の副業・兼業を制限することは許されない。","管理監督者が、兼業・副業として労働契約を締結して他社の企業に勤務した場合、労働基
準法の規定により、労働時間は複数の企業での労働時間が通算される。","副業・兼業制度を受け入れる企業のメリットの一つとして、従業員が社外から新たな知
識・情報や人脈を入れることで、事業機会の拡大につながることが挙げられる。","「副業・兼業に関するアンケート調査結果」（一般社団法人日本経済団体連合会、2022
年）によると、自社の社員が社外で副業・兼業することを「認めている」と回答した割合
は30%に満たない。",3
"キャリア形成・リスキリング支援センターに関する次の記述のうち、最も適切なものは
どれか。","「副業・兼業に関するアンケート調査結果」（一般社団法人日本経済団体連合会、2022
年）によると、自社の社員が社外で副業・兼業することを「認めている」と回答した割合
は30%に満たない。","キャリア形成・リスキリング支援センターが実施するキャリアコンサルティングでは、コ
ンサルティングの一環として職業紹介も実施している。","キャリア形成・リスキリング支援センターが支援する雇用型訓練は、在職者を対象として
おり、新たに雇い入れた訓練生は対象外となる。","キャリア形成・リスキリング支援センターでは、ジョブ・カードを活用したキャリア形成
支援を行っているが、その対象には学生も含まれる。",4
" 「令和4年度能力開発基本調査 調査結果の概要」（厚生労働省）に関する次の記述のう
ち、適切なものはどれか。","キャリア形成・リスキリング支援センターでは、ジョブ・カードを活用したキャリア形成
支援を行っているが、その対象には学生も含まれる。","キャリアコンサルティングを行うしくみを正社員に対して導入している事業所は、半数
を超えている。",計画的なOJTを正社員以外に対して実施した事業所は、20％を超えている。,"事業内職業能力開発計画をいずれの事業所においても作成していないとする企業は、半
数以下である。",3
" 「令和5年版労働経済の分析」（厚生労働省）で述べられた、雇用・失業情勢の動向に関
する次の記述のうち、最も適切なものはどれか。",2022年における我が国の完全失業者数は、500万人を超えている。,"
2022年における我が国の雇用者に占める非正規雇用労働者の割合は、約7割である。","我が国においてはここ10年ほどにわたり、感染症の影響があった2020年を除き、非労
働力人口は減少傾向にある。","我が国においてはリーマンショック以降、完全失業率は減少傾向にあったものの、2020
年以降現在に至るまで上昇傾向に転じた。",3
" 「令和5年版労働経済の分析」（厚生労働省）で述べられた、賃金の現状と課題に関する
次の記述のうち、最も適切なものはどれか。",企業が稼ぐ付加価値額が長期的に減少傾向にあることが、我が国において賃金が伸び悩んだ背景にある。,"企業が稼ぐ付加価値額が長期的に減少傾向にあることが、我が国において賃金が伸び悩ん
だ背景にある。","若年期に入職し、そのまま同一の企業で勤め続ける正規雇用の雇用者である「生え抜き正
社員」の賃金カーブ（勤続年数と賃金との関係）の傾きは、2005 年と比べて、どのよう
な企業規模でも緩やかにはなっていない。","多様な層の労働参加に伴い、賃金以外にも希望する労働条件が多様化すると、賃金に対し
て下押し圧力（値上げの抑制圧力）が生じる可能性がある。",4
"次の記述のうち、「三位一体の労働市場改革の指針」（新しい資本主義実現会議、令和 5
年）において示された、三位一体で進める改革に当てはまらないものはどれか。",一億総活躍社会の実現,リ・スキリングによる能力向上支援,個々の企業の実態に応じた職務給の導入,成長分野への労働移動の円滑化,1
" 職業能力開発推進者に関する次の記述のうち、適切なものの組み合わせはどれか。
A. 事業主は、職業能力開発促進法の規定により、職業能力開発推進者を選任すること
が義務化されている。
B. キャリアコンサルタント等の職業能力開発推進者の業務を担当するための必要な
能力を有する者から選任するものとされている。
C. 複数の事業所があったとしても、企業全体で1名選任すればよい。
D. 社内で従業員の職業能力開発を計画的に企画・実行する取組みを積極的に推進する
キーパーソンである。
",A と B,C と D, A と C,B と D,4
 労働者災害補償保険法に関する次の記述のうち、正しいものはどれか。,昼間学生のアルバイト中の事故は、労災保険の対象とはならない。,"通勤途中にスーパーマーケットに立ち寄って買い物をしていた際の転倒事故も、通勤災
害が適用される。","労災保険給付を受給した労働者は、会社に対して民事損害賠償請求を提訴することが禁
じられている。","公共交通機関による通勤を届け出ていたにもかかわらず、会社に黙ってバイク通勤中に
事故に被災し、怪我をした労働者も通勤災害適用の対象となる場合がある。",4
 男女雇用機会均等法に関する次の記述のうち、正しいものはどれか。,"妊娠中の女性労働者のつわり症状が著しく、主治医から職務軽減措置等の保健指導がなさ
れた場合であっても、会社に職務軽減措置等の実施が義務づけられることはない。","妊娠中の女性労働者に対する解雇は、原則として禁じられているが、出産後1年以内に復
職した女性労働者に同規定は適用されない。"," 労働者の募集又は採用に当たって、労働者の身長、体重等を要件とすることは、性別を理
由とした差別ではないので、男女雇用機会均等法違反に該当しない。","男女雇用機会均等法上の妊娠・出産等を理由とした不利益取扱い禁止の中には、正社員を
一方的にパート社員に転換する等の会社側対応も含まれる。",4
 雇用保険制度に関する次の記述のうち、正しいものはどれか。,雇用保険は、政府が管掌する任意加入の保険制度である。,雇用保険制度における雇用保険二事業は、雇用安定事業と能力開発事業である。,育児休業給付と出産手当金は、共に雇用保険から給付される。,日雇労働者は雇用保険の被保険者になることはできない。,2
"「インターンシップを始めとする学生のキャリア形成支援に係る取組の推進に当たって
の基本的考え方」（文部科学省、厚生労働省、経済産業省、令和4年一部改正）で示され
た、インターンシップに関する次の記述のうち、不適切なものはどれか。","「学生のキャリア形成支援に係る産学協働の取組み」は 4 つの類型に整理され、そのう
ち、タイプ2の「キャリア教育」はインターンシップであるとされた。","令和5 年度以降、タイプ 3 の「汎用型能力・専門活用型インターンシッフ?」に限り、
取得した学生情報を、3月以降は広報活動に使用できる。","インターンシップを始めとしたキャリア形成支援に係る取組は、企業等の場における学
生に対する教育活動である。","タイプ 4 の「高度専門型インターンシップ」は、大学と企業が連携して実施するプログ
ラムで、就業体験が必須となっている。",1
" 高等学校学習指導要領（文部科学省、平成30年）で示された、キャリア教育の位置づけ
に関する次の記述のうち、最も不適切なものはどれか。",学ぶことと自己の将来とのつながりを見通しながら進められる。,週1時間のキャリア教育の時間が設定され、教育活動が展開される。,特別活動を要として各教科・科目の特質に応じて実施される。,"社会的・職業的自立に向けて必要な基盤となる資質・能力を身に付けていくことができる
よう充実を図る。",2
"中学校における、進路指導やキャリア教育に関する次の記述のうち、不適切なものはど
れか。","進路指導・キャリア教育専任教員がすべての学校に配置され、授業は行わず進路指導・キ
ャリア教育に専念している。","進路指導・キャリア教育は一般的には校務分掌に位置付けられ、その役割が教員間で分担
されている。",進路指導・キャリア教育は進路指導主事あるいは主幹教諭によってつかさどられている。,"進路指導・キャリア教育においては、生徒の就職に際し学校長に公共職業安定所の業務の
一部を分担させることができる。",1
" 2023年9月に改正された、「心理的負荷による精神障害の労災認定基準」（厚生労働省）
の改正内容に関する次の記述のうち、不適切なものはどれか。","具体的出来事に「顧客や取引先、施設利用者等から著しい迷惑行為を受けた」（いわゆる
カスタマーハラスメント）が追加された。",具体的出来事に「感染症等の病気や事故の危険性が高い業務に従事した」が追加された。,"悪化前おおむね6か月以内に「特別な出来事」（特に強い心理的負荷となる出来事）がな
ければ、業務起因性を認めないこととした。","医学意見の収集方法として、特に困難なものを除き専門医 1 名の意見で決定できるよう
変更された。",3
" 「健康づくりのための睡眠ガイド2023」（厚生労働省）で述べられた、メンタルヘルス
と深い関わりのある睡眠に関する次の記述のうち、不適切なものはどれか。","成人の場合、睡眠時間が7時間前後の場合に、生活習慣病やうつ病の発症及び死亡リスク
が最も低い。","日中にできるだけ日光を浴びることで、夜間のメラトニン分泌量が増加し入眠が促進さ
れる。",睡眠障害が疑われる場合は、3か月以上は様子を見てから、受診するか検討すべきである。,アルコールは一時的には寝つきを促進するが、睡眠後半の眠りの質を顕著に悪化させる。,3
" 「事業場における治療と仕事の両立支援のためのガイドライン」（厚生労働省、令和6年
3月）で示された内容に関する次の記述のうち、最も不適切なものはどれか。","事業者が疾病を抱える労働者を就労させると判断した場合は、業務により疾病が増悪しな
いよう、治療と仕事の両立のために必要となる一定の就業上の措置や治療に対する配慮を
行うべきである。","このガイドラインが対象とする疾病は、がん、脳卒中、心疾患、糖尿病、肝炎、その他難
病など、反復・継続して治療が必要となる疾病であり、短期で治癒する疾病は対象として
いない。","症状、治療の状況等の疾病に関する情報は機微な個人情報であるため、労働安全衛生法に基づく健康診断において把握した場合を除いては、事業者が本人の同意なく取得してはな
らない。", 治療と仕事の両立に関しては、プライバシーの観点から当事者や当事者の所属部門に限定して、事業場内ルールの周知や社内研修等を通じた意識啓発を進めるのが良い。,4
" 発達障害のある人が職場に適応するための、上司や同僚がとるべき対応に関する次の記
述のうち、最も適切なものはどれか。","不注意傾向や注意散漫傾向がある人には、誰にも邪魔されない一人だけの時間と空間を一
定時間持てるようにする。", 多動で落ち着きが無い傾向がある人には、からだの動きの少ない仕事に就かせる。,時間の管理ができない傾向がある人には、一日の中に過密にスケジュールを入れるようにする。,仕事の先延ばし傾向がある人には、できるときにやればよいことを伝える。,1
" 次の記述のうち、マイクロカウンセリングの積極技法の一つである「フィードバック」の
説明として、最も適切なものはどれか。","クライエントの複雑な心配事に対して、選択的にかかわることによって、問題を様々な視
点からみられるようにする。","クライエントの問題や表現の不一致に気づかせることによって、クライエントの自己探
求と問題解決を容易にする。","クライエントに具体的な行動を指示することによって、状況を新しい方法で考えること
ができるようになり、新しい行動様式を生み出す。","クライエントに具体的な行動を指示することによって、状況を新しい方法で考えること
ができるようになり、新しい行動様式を生み出す。",4
" カウンセリングにおける傾聴の意義に関する次の記述のうち、最も不適切なものはどれ
か。","クライエントが、自分の感情に対し、カウンセラーが受容的に傾聴していることに気づく
につれて、少しずつ自分のこころの声に耳を傾けるようになる。","クライエントが、自分の中にある社会的に望ましくない考えや感情を押し殺して、周囲の
人から求められる自分を成長させていくことができる。","クライエントが、自分のこころの声に耳を傾けられるようになると、自分自身に対してよ
り受容的になり、ありのままの自分を受容するようになる。","クライエントが、自分に対して評価的でなくなり、防衛的な行動をやめて、本当のあるが
ままの姿に開かれ、生命体として自然な方向へと自由に変化し成長することができる。",2
 グループアプローチに関する次の記述のうち、最も適切なものはどれか。,"行動療法の考え方に基づいて対人関係の成功体験を重視する「対人関係ゲーム（Social
Interactive Games）」は、レヴィン（Lewin, K.）が創案した。","ドラマ的手法により人間存在の真実および環境場面の現実を探求する「サイコドラマ
（Sychodrama）」は、モレノ（Moreno, J. L.）が提唱した。","対人感受性や対人関係を学ぶための体験学習である「Tグループ（T-group）」は、ロジ
ャーズ（Rogers, C. R.）の理論と実践に基づく。","真実の自分になれる場という役割がある「エンカウンターグループ（Encounter Group）」
は、國分康孝により開発された。",2
 ジョブ・カードに関する次の記述のうち、適切なものはどれか。,"ジョブ・カードは、公共職業安定所が様式を定めた「就職時のキャリア・プランニング」
及び「職業適性証明」の機能を担うツールである。",ジョブ・カードは、大きく2つの様式（シート）で構成されている。,"ジョブ・カードを作成することで、自分の強み・弱みや能力に気付くことができ、これま
での経験を踏まえたこれからのキャリアプラン、それに向かってやるべきことが描けるよ
うになる。","マイジョブ・カードで登録した情報で、ハローワークインターネットサービスで求職登録
はできるが、民間の就職・転職サイトには登録できない。",3
" カウンセリングにおいて、「見立て」を行う際に考慮すべき事項に関する次の記述のうち、
最も不適切なものはどれか。","クライエントが解決したいと望んでいることを明らかにし、その問題がどの程度生活の支
障になっているかを確かめる。"," 解決したい問題について、クライエントがどのように対応し取り組んでいるかを明らか
にする。","問題がいつから生じ、これまでどんな展開があったか、その経過中にどのような対応や関
わりがあったかを明らかにする。","クライエントのプライバシーに配慮して、家族成員との関わりや学校・職場での適応状況
を確かめる必要はない。",4
" キャリアコンサルティングにおける「相談場面の設定」に関する次の記述のうち、
最も適切なものはどれか。","キャリアコンサルティングでは、相談内容にかかわらず、プライバシーへの配慮よりも効
率よく相談を行えるオープンな物理的環境の設定を優先すべきである。","ラポールづくりでは、キャリアコンサルタントが「客観的で説得力に満ちた指導関係」を
作り、維持することが大切である。","キャリアコンサルティングにおいて意思決定を行うのは、キャリアコンサルタントであ
る。"," キャリアコンサルタントは、相談の緊要度について相談者との間で合意を得る必要があ
る。",4
" 厚生労働省編一般職業適性検査[進路指導・職業指導用]（GATB）に関する次の記述の
うち、不適切なものはどれか。",制限時間内にできるだけ早く正確に回答する最大能力検査である。,"適性能として知的能力、言語能力、数理能力、書記的知覚、空間判断力、形態知覚、運動
共応、指先の器用さ、手腕の器用さを測定する。","適性能とは顕在的な能力のことであり、その職業に就くための訓練や教育を受け、その職
業でうまくやっていけるかどうかを明確化するものである。",13歳以上45歳未満の者に使用することができる。,3
"2022 年に改定された厚生労働省編職業分類（第 5 回改定）に関する次の記述のうち、
不適切なものはどれか。",国際標準職業分類に準拠するという観点から改定が行われた。,"大分類の見直しでは、旧大分類の異なる複数の項目を統合して新たな分類項目を設定し
た。",中分類の見直しでは、旧大分類の変更、分類項目の新設、分割、名称変更を行った。,"小分類の見直しでは、旧小分類と旧細分類を統合し、新たな分類項目を設定するとともに、
旧小分類を分割・細分化した。",1
" 大学のキャリア形成支援において求められる個別相談能力に関する次の記述のうち、
最も不適切なものはどれか。","心身に問題があり、特に支援が必要な学生に対しては、話を聞いた上で、必要に応じ学内・
学外機関や専門家へのリファーを検討する。"," 企業の求人情報などを理解し、学生のニーズに応じて適切な情報をタイミングよく提供
する。",エントリーシートやジョブ・カードなどの作成の支援を行い、活用する。,"長期的視野からの支援ではなく、特に大学では個人の就職活動支援という短期的目的を
達成するように支援する。",4
"自己啓発の支援やトライアル雇用にかかる支援を行う際の留意点に関する次の記述のう
ち、最も適切なものはどれか。","キャリアコンサルティングにおいて自己啓発の支援を行う場合、職業体験の目的に関して
はクライエントが把握しておけば十分で、キャリアコンサルタントと共有する必要はない。"," 啓発的経験には、インターンシップやトライアル雇用、現場見学のほかに、相談者にとっ
て有益な体験となるアルバイトも含まれる。","トライアル雇用には本人が目的を明確にして参加することが大切であり、振り返りは必
ずしも必要ではない。",トライアル雇用の場合、当該事業所への就職が保証されている。,2
"意思決定支援におけるキャリア・プランの作成支援に関する次の記述のうち、最も適切
なものはどれか。","キャリア・プランの作成支援は意思決定支援において重要なステップであり、決定したプ
ランを変更することは避けなければならない。","人生においては働くことが最優先であるため、はじめに職業人生の設計に重点を置き、次
に家族との生活設計を考えるとよい。","キャリア・プランには短期視点と長期視点があるが、キャリアコンサルティングでは、短
期的視点のみを取り扱う。","キャリア・プランの目標達成に必要な学習や訓練に関する情報を提供することもキャリ
アコンサルタントの役割として重要である。",4
 方策の実行の支援に関する次の記述のうち、最も不適切なものはどれか。,"方策実行にあたり、これからの実際の生活場面をイメージする中で、やる気だけでなく、
自己効力感も高めることが重要である。","方策実行の前に、予想される問題点や困難な点を挙げて、それに対する対処方法をイメー
ジさせることは、相談者が委縮してしまうため、避けたほうがよい。","方策実行の前に、他者のうまく行動している様子を観察して学ぶモデリングを行うと、相
談者の方策に対する自己効力感を高めることができる。","方策の実行中はキャリアコンサルタントの支援が届かないので、事前に相談者に自己モ
ニタリングの仕方を習得させておくとよい。",2
 相談過程の終結に関する次の記述のうち、最も不適切なものはどれか。,"方策の実行中はキャリアコンサルタントの支援が届かないので、事前に相談者に自己モ
ニタリングの仕方を習得させておくとよい。","終結について相談者に尋ねた際に、「大丈夫」と微笑んで答えた場合でも、分離不安があ
る可能性は考えられる。","終結を話題にするにあたって、当初の主訴や目標と照らし合わせて相談者の変化がどう
だったかということから話し始めるとよい。","終結後にどのような職業生活が待っているかについて、相談者に希望や期待を語っても
らう。",1
" セルフ・キャリアドックにおいて実施するそれぞれのメニューに関する次の記述のうち、
最も不適切なものはどれか。","セルフ・キャリアドックの趣旨についての事前の説明会を、キャリア研修・キャリアコン
サルティング面談を担当するキャリアコンサルタントが行うことは、その後の面談の「顔
合わせ」の場としても効果的である。","セルフ・キャリアドックで行う集合研修は、セルフ・キャリアドックの趣旨の理解が目的
であり、参加者間の相互啓発は期待できない。","セルフ・キャリアドックの面談に先立ち、集合研修に参加した対象従業員に事前にアンケ
ートを行い、研修での気づき等を把握することで、その結果を面談の参考にすることがで
きる。","セルフ・キャリアドック実施後のフォローアップをキャリアコンサルタントが行うこと
は、セルフ・キャリアドックの展開において効果的である。",2
"企業領域で活動するキャリアコンサルタントに必要なネットワークに関する次の記述の
うち、最も不適切なものはどれか。","自社には健康管理室や産業医など医療の専門家がいてコミュニケーションが取れている
ので、キャリアコンサルタントとしてメンタルヘルスや精神疾患に関する知識を習得する
必要はない。"," 副業、ボランティア、プロボノ（自身の専門知識やスキルを活かしておこなう社会貢献活
動）などに関心をもつ人が増えてきているので、多様な働き方に関するプログラムを提供
している外部機関から情報収集をしている。","社内外の組織開発の専門家と意見交換を行い、キャリア自律の風土が社内に浸透するよ
うに、ポジティブ・アクションやプロセス手法について学び合いをしている。","遠隔地の学生から現地でのインターンシップは出席しにくいという声をよく聞くので、
知り合いの教職員や学校関係のキャリアコンサルタントと協力して、学生に役立つオンラ
インのプログラムを作った。",1
"キャリアコンサルタントとしての倫理と姿勢に関する次の記述のうち、最も適切なもの
はどれか。","キャリアコンサルタントとして様々な実践の機会を得るため、自分の専門能力や業務範囲
を誇張した表現でPRしている。"," 公私ともに多忙な状態が続いて自分の心に不調を感じているが、クライエントを見捨て
るわけにはいかないので、心配をかけないよう、外見を保ち面談を行っている。","キャリア相談のなかでクライエントの子どもの不登校が話題に上がったので、業務範囲
ではないと判断し、面談を続けず、すぐさまリファーを行った。"," 同僚のキャリアコンサルタントが専門的な訓練を受けずにアセスメントを使おうとして
いたので、指摘をして改善を求めた。",4
